Model,Accuracy,Precision,Recall,F1 Score
Perceptron,1.0,1.0,1.0,1.0
Logistic Regression,0.9975,0.9705882352941176,1.0,0.9850746268656716
Random Forest,1.0,1.0,1.0,1.0
SVM,0.9975,0.9705882352941176,1.0,0.9850746268656716
